"'DDD',"
"'MMM',"
"'WBAI',"
"'WUBA',"
"'EGHT',"
"'AHC',"
"'AOS',"
"'ATEN',"
"'AAC',"
"'AIR',"
"'AAN',"
"'ABB',"
"'ABT',"
"'ABBV',"
"'ANF',"
"'AGD',"
"'AWP',"
"'ACP',"
"'JEQ',"
"'AOD',"
"'ABM',"
"'AKR',"
"'ACN',"
"'ACCO',"
"'ATV',"
"'ATU',"
"'AYI',"
"'GOLF',"
"'ADX',"
"'PEO',"
"'AGRO',"
"'ADNT',"
"'ADT',"
"'ATGE',"
"'AAP',"
"'ADSW',"
"'WMS',"
"'ASIX',"
"'AVK',"
"'ACM',"
"'AEB',"
"'AEG',"
"'AEH',"
"'AER',"
"'AJRD',"
"'AMG',"
"'MGR',"
"'AFL',"
"'MITT',"
"'MITT^A',"
"'MITT^B',"
"'MITT^C',"
"'AGCO',"
"'A',"
"'AEM',"
"'ADC',"
"'AL',"
"'AL^A',"
"'APD',"
"'AYR',"
"'AKS',"
"'ALP^Q',"
"'ALG',"
"'AGI',"
"'ALK',"
"'AIN',"
"'ALB',"
"'AA',"
"'ALC',"
"'ALEX',"
"'ALX',"
"'ARE',"
"'ARE^D',"
"'AQN',"
"'AQNA',"
"'AQNB',"
"'BABA',"
"'Y',"
"'ATI',"
"'ALLE',"
"'AGN',"
"'ALE',"
"'ADS',"
"'AFB',"
"'AWF',"
"'AB',"
"'CBH',"
"'NCV',"
"'NCV^A',"
"'NCZ',"
"'NCZ^A',"
"'ACV',"
"'NIE',"
"'NFJ',"
"'ALSN',"
"'ALL',"
"'ALL^A',"
"'ALL^B',"
"'ALL^D.CL',"
"'ALL^E.CL',"
"'ALL^F.CL',"
"'ALL^G',"
"'ALL^H',"
"'ALLY',"
"'ALLY^A',"
"'AYX',"
"'ATUS',"
"'MO',"
"'ACH',"
"'ABEV',"
"'AMC',"
"'AMCR',"
"'AEE',"
"'AMRC',"
"'AMOV',"
"'AMX',"
"'AAT',"
"'AXL',"
"'ACC',"
"'AEO',"
"'AEP',"
"'AEP^B',"
"'AEL',"
"'AXP',"
"'AFG',"
"'AFGB',"
"'AFGE',"
"'AFGH',"
"'AMH',"
"'AMH^D',"
"'AMH^E',"
"'AMH^F',"
"'AMH^G',"
"'AMH^H',"
"'AIG',"
"'AIG.WS',"
"'AIG^A',"
"'ARL',"
"'ARA',"
"'AWR',"
"'AMT',"
"'AVD',"
"'AWK',"
"'COLD',"
"'AMP',"
"'ABC',"
"'ANFI',"
"'AMN',"
"'AMRX',"
"'AP',"
"'APH',"
"'AXR',"
"'HKIB',"
"'AME',"
"'PLAN',"
"'FINS',"
"'AU',"
"'BUD',"
"'AXE',"
"'NLY',"
"'NLY^D',"
"'NLY^F',"
"'NLY^G',"
"'NLY^I',"
"'AM',"
"'AR',"
"'ANTM',"
"'ANH',"
"'ANH^A',"
"'ANH^B',"
"'ANH^C',"
"'AON',"
"'APA',"
"'AIV',"
"'APY',"
"'APHA',"
"'ARI',"
"'APO',"
"'APO^A',"
"'APO^B',"
"'AFT',"
"'AIF',"
"'APLE',"
"'AIT',"
"'ATR',"
"'APTV',"
"'WTR',"
"'WTRU',"
"'WAAS',"
"'ARMK',"
"'ABR',"
"'ABR^A',"
"'ABR^B',"
"'ABR^C',"
"'ARC',"
"'MT',"
"'ARCH',"
"'ADM',"
"'AROC',"
"'ARNC',"
"'ARCO',"
"'ACA',"
"'RCUS',"
"'ARD',"
"'ASC',"
"'AFC',"
"'ACRE',"
"'ARDC',"
"'ARES',"
"'ARES^A',"
"'AGX',"
"'ARGD',"
"'ARGO',"
"'ANET',"
"'AI',"
"'AI^B',"
"'AI^C',"
"'AIC',"
"'AIW',"
"'ARLO',"
"'AHH',"
"'AHH^A',"
"'ARR',"
"'ARR^B',"
"'AFI',"
"'AWI',"
"'ARW',"
"'AJG',"
"'APAM',"
"'ASA',"
"'ABG',"
"'ASX',"
"'ASGN',"
"'AHT',"
"'AHT^D',"
"'AHT^F',"
"'AHT^G',"
"'AHT^H',"
"'AHT^I',"
"'ASH',"
"'ASPN',"
"'AHL^C',"
"'AHL^D',"
"'AHL^E',"
"'AMK',"
"'ASB',"
"'ASB^C',"
"'ASB^D',"
"'ASB^E',"
"'AC',"
"'AIZ',"
"'AIZP',"
"'AGO',"
"'AGO^B',"
"'AGO^E',"
"'AGO^F',"
"'AZN',"
"'HOME',"
"'T',"
"'TBB',"
"'TBC',"
"'ATTO',"
"'ATH',"
"'ATH^A',"
"'ATH^B',"
"'ATKR',"
"'AT',"
"'ATO',"
"'ACB',"
"'ATHM',"
"'ALV',"
"'AN',"
"'AZO',"
"'AVLR',"
"'AVB',"
"'AGR',"
"'AVNS',"
"'AVTR',"
"'AVTR^A',"
"'AVYA',"
"'AVY',"
"'AVH',"
"'AVA',"
"'AVP',"
"'AVX',"
"'EQH',"
"'AXTA',"
"'AXS',"
"'AXS^D',"
"'AXS^E',"
"'AX',"
"'AXO',"
"'AZUL',"
"'AZRE',"
"'AZZ',"
"'BGS',"
"'BRPM',"
"'BRPM.U',"
"'BRPM.WS',"
"'BW',"
"'BGH',"
"'BMI',"
"'BCSF',"
"'BHGE',"
"'BBN',"
"'BLL',"
"'BANC',"
"'BANC^D',"
"'BANC^E',"
"'BBVA',"
"'BBD',"
"'BBDO',"
"'BCH',"
"'BLX',"
"'BSBR',"
"'BSAC',"
"'BSMX',"
"'SAN',"
"'SAN^B',"
"'CIB',"
"'BXS',"
"'BAC',"
"'BAC^A',"
"'BAC^B',"
"'BAC^C',"
"'BAC^E',"
"'BAC^K',"
"'BAC^L',"
"'BAC^M',"
"'BAC^N',"
"'BAC^Y',"
"'BML^G',"
"'BML^H',"
"'BML^J',"
"'BML^L',"
"'BOH',"
"'BMO',"
"'NTB',"
"'BK',"
"'BK^C',"
"'BNS',"
"'BKU',"
"'BCS',"
"'BBDC',"
"'MCI',"
"'MPV',"
"'BNED',"
"'B',"
"'GOLD',"
"'BAS',"
"'BHC',"
"'BAX',"
"'BTE',"
"'BBT',"
"'BBT^F',"
"'BBT^G',"
"'BBT^H',"
"'BBAR',"
"'BBX',"
"'BCE',"
"'BZH',"
"'BDX',"
"'BDXA',"
"'BDC',"
"'BHE',"
"'BRK.A',"
"'BRK.B',"
"'BHLB',"
"'BERY',"
"'BBY',"
"'BEST',"
"'BHP',"
"'BBL',"
"'BIG',"
"'BH',"
"'BH.A',"
"'BHVN',"
"'BIO',"
"'BIO.B',"
"'BITA',"
"'BJ',"
"'BKH',"
"'BKI',"
"'BSM',"
"'BB',"
"'BGIO',"
"'BFZ',"
"'CII',"
"'BHK',"
"'HYT',"
"'BTZ',"
"'DSU',"
"'BGR',"
"'BDJ',"
"'EGF',"
"'FRA',"
"'BFO',"
"'BGT',"
"'BOE',"
"'BME',"
"'BAF',"
"'BKT',"
"'BGY',"
"'BKN',"
"'BTA',"
"'BZM',"
"'MHE',"
"'BIT',"
"'MUI',"
"'MNE',"
"'MUA',"
"'BKK',"
"'BBK',"
"'BBF',"
"'BYM',"
"'BFK',"
"'BLE',"
"'BTT',"
"'MEN',"
"'MUC',"
"'MUH',"
"'MHD',"
"'MFL',"
"'MUJ',"
"'MHN',"
"'MUE',"
"'MUS',"
"'MVT',"
"'MYC',"
"'MCA',"
"'MYD',"
"'MYF',"
"'MFT',"
"'MIY',"
"'MYJ',"
"'MYN',"
"'MPA',"
"'MQT',"
"'MYI',"
"'MQY',"
"'BNY',"
"'BQH',"
"'BSE',"
"'BFY',"
"'BCX',"
"'BST',"
"'BSTZ',"
"'BSD',"
"'BUI',"
"'BHV',"
"'BLK',"
"'BGB',"
"'BGX',"
"'BSL',"
"'BE',"
"'APRN',"
"'BCRH',"
"'BXG',"
"'BXC',"
"'DCF',"
"'DHF',"
"'DMB',"
"'DSM',"
"'LEO',"
"'BA',"
"'BCC',"
"'BCEI',"
"'BOOT',"
"'BAH',"
"'BWA',"
"'BORR',"
"'SAM',"
"'BXP',"
"'BXP^B',"
"'BSX',"
"'BOX',"
"'BYD',"
"'BPMP',"
"'BP',"
"'BPT',"
"'BRC',"
"'BHR',"
"'BHR^B',"
"'BHR^D',"
"'BDN',"
"'BWG',"
"'LND',"
"'BRFS',"
"'BGG',"
"'MNRL',"
"'BFAM',"
"'BEDU',"
"'BSA',"
"'BSIG',"
"'BV',"
"'EAT',"
"'BCO',"
"'BMY',"
"'BTI',"
"'BRX',"
"'BR',"
"'BKD',"
"'BAM',"
"'BBU',"
"'DTLA^',"
"'INF',"
"'BIP',"
"'RA',"
"'BEP',"
"'BRO',"
"'BF.A',"
"'BF.B',"
"'BRT',"
"'BC',"
"'BC^A',"
"'BC^B',"
"'BC^C',"
"'BPL',"
"'BKE',"
"'BVN',"
"'BBW',"
"'BG',"
"'BURL',"
"'BWXT',"
"'BY',"
"'CJ',"
"'GYB',"
"'PFH',"
"'CABO',"
"'CBT',"
"'COG',"
"'CACI',"
"'WHD',"
"'CADE',"
"'CAE',"
"'CAI',"
"'CAI^A',"
"'CAI^B',"
"'CAL',"
"'CRC',"
"'CWT',"
"'CALX',"
"'ELY',"
"'CPE',"
"'CBM',"
"'CPT',"
"'CCJ',"
"'CPB',"
"'CWH',"
"'GOOS',"
"'CM',"
"'CNI',"
"'CNQ',"
"'CP',"
"'CANG',"
"'CNNE',"
"'CTST',"
"'CAJ',"
"'CGC',"
"'CMD',"
"'COF',"
"'COF^C',"
"'COF^D',"
"'COF^F',"
"'COF^G',"
"'COF^H',"
"'COF^I',"
"'COF^P',"
"'CSU',"
"'BXMT',"
"'CPRI',"
"'CMO',"
"'CMO^E',"
"'CRR',"
"'CAH',"
"'CRCM',"
"'CSL',"
"'KMX',"
"'CCL',"
"'CUK',"
"'CRS',"
"'CSV',"
"'CARS',"
"'CRI',"
"'CVNA',"
"'CSLT',"
"'CTLT',"
"'CTT',"
"'CAT',"
"'CATO',"
"'CBZ',"
"'CBL',"
"'CBL^D',"
"'CBL^E',"
"'CBO',"
"'IGR',"
"'CBRE',"
"'CBS',"
"'CBS.A',"
"'CBX',"
"'FUN',"
"'CDR',"
"'CDR^B',"
"'CDR^C',"
"'CE',"
"'CLS',"
"'CEL',"
"'CPAC',"
"'CX',"
"'CVE',"
"'CNC',"
"'CEN',"
"'CNP',"
"'CNP^B',"
"'EBR',"
"'EBR.B',"
"'CEPU',"
"'CCS',"
"'CTL',"
"'CDAY',"
"'CF',"
"'GIB',"
"'ECOM',"
"'CHAP',"
"'CHRA',"
"'CRL',"
"'CLDT',"
"'CMCM',"
"'CHGG',"
"'CHE',"
"'CC',"
"'CHMI',"
"'CHMI^A',"
"'CHMI^B',"
"'CHK',"
"'CHK^D',"
"'CHKR',"
"'CPK',"
"'CVX',"
"'CHWY',"
"'CHS',"
"'CIM',"
"'CIM^A',"
"'CIM^B',"
"'CIM^C',"
"'CIM^D',"
"'DL',"
"'CEA',"
"'CHN',"
"'CGA',"
"'LFC',"
"'CHL',"
"'COE',"
"'SNP',"
"'XRF',"
"'ZNH',"
"'CHA',"
"'CHU',"
"'CYD',"
"'CMG',"
"'CHH',"
"'CB',"
"'CHT',"
"'CHD',"
"'CCX',"
"'CCX.U',"
"'CCX.WS',"
"'CIEN',"
"'CI',"
"'XEC',"
"'CBB',"
"'CBB^B',"
"'CNK',"
"'CINR',"
"'CIR',"
"'CISN',"
"'CIT',"
"'BLW',"
"'C',"
"'C^J',"
"'C^K',"
"'C^N',"
"'C^S',"
"'CFG',"
"'CFG^D',"
"'CIA',"
"'CIO',"
"'CIO^A',"
"'CVEO',"
"'CCC',"
"'CLH',"
"'CCO',"
"'EMO',"
"'CEM',"
"'CTR',"
"'CLW',"
"'CWEN',"
"'CWEN.A',"
"'CLF',"
"'CLPR',"
"'CLX',"
"'CLDR',"
"'NET',"
"'CMS',"
"'CMS^B',"
"'CMSA',"
"'CMSC',"
"'CMSD',"
"'CNA',"
"'CNF',"
"'CNHI',"
"'CNO',"
"'CEO',"
"'CNXM',"
"'CEIX',"
"'CNX',"
"'KOF',"
"'KO',"
"'CCEP',"
"'CDE',"
"'FOF',"
"'INB',"
"'CNS',"
"'UTF',"
"'LDP',"
"'MIE',"
"'RQI',"
"'RNP',"
"'PSF',"
"'RFI',"
"'CFX',"
"'CFXA',"
"'CL',"
"'CCH',"
"'CCH.U',"
"'CCH.WS',"
"'CXE',"
"'CIF',"
"'CXH',"
"'CMU',"
"'CLNY',"
"'CLNY^B',"
"'CLNY^E',"
"'CLNY^G',"
"'CLNY^H',"
"'CLNY^I',"
"'CLNY^J',"
"'CLNC',"
"'CXP',"
"'STK',"
"'CCZ',"
"'CMA',"
"'FIX',"
"'CMC',"
"'CBU',"
"'CYH',"
"'CHCT',"
"'CIG',"
"'CIG.C',"
"'CBD',"
"'SBS',"
"'ELP',"
"'CCU',"
"'CODI',"
"'CODI^A',"
"'CODI^B',"
"'CMP',"
"'CRK',"
"'CAG',"
"'CXO',"
"'CCM',"
"'CNDT',"
"'COP',"
"'CCR',"
"'ED',"
"'STZ',"
"'STZ.B',"
"'CSTM',"
"'TCS',"
"'CBPX',"
"'CLR',"
"'VLRS',"
"'CTRA',"
"'CTB',"
"'CPS',"
"'CTK',"
"'CPA',"
"'CLB',"
"'CXW',"
"'CLGX',"
"'CORR',"
"'CORR^A',"
"'CPLG',"
"'COR',"
"'CNR',"
"'GLW',"
"'CAAP',"
"'GYC',"
"'OFC',"
"'CTVA',"
"'CZZ',"
"'CMRE',"
"'CMRE^B',"
"'CMRE^C',"
"'CMRE^D',"
"'CMRE^E',"
"'COT',"
"'COTY',"
"'CUZ',"
"'CVA',"
"'CVIA',"
"'CPF',"
"'CPL',"
"'CR',"
"'CRD.A',"
"'CRD.B',"
"'BAP',"
"'CS',"
"'CPG',"
"'CEQP',"
"'CEQP^',"
"'CRH',"
"'CRT',"
"'CAPL',"
"'CCI',"
"'CCI^A',"
"'CCK',"
"'CRY',"
"'CSS',"
"'CTS',"
"'CUBE',"
"'CUB',"
"'CFR',"
"'CFR^A',"
"'CULP',"
"'CMI',"
"'CURO',"
"'CW',"
"'SRF',"
"'SRV',"
"'SZC',"
"'CWK',"
"'CUBI',"
"'CUBI^C',"
"'CUBI^D',"
"'CUBI^E',"
"'CUBI^F',"
"'CVI',"
"'UAN',"
"'CVS',"
"'CELP',"
"'DHI',"
"'DAN',"
"'DHR',"
"'DHR^A',"
"'DAC',"
"'DQ',"
"'DRI',"
"'DAR',"
"'DVA',"
"'DCP',"
"'DCP^B',"
"'DCP^C',"
"'DF',"
"'DECK',"
"'DE',"
"'DEX',"
"'DDF',"
"'DKL',"
"'DK',"
"'DELL',"
"'DLPH',"
"'DAL',"
"'DLX',"
"'DNR',"
"'DBI',"
"'DESP',"
"'DKT',"
"'DB',"
"'DXB',"
"'DVN',"
"'DHX',"
"'DHT',"
"'DEO',"
"'DO',"
"'DSSI',"
"'DRH',"
"'DSX',"
"'DSX^B',"
"'DKS',"
"'DBD',"
"'DLR',"
"'DLR^C',"
"'DLR^G',"
"'DLR^I',"
"'DLR^J',"
"'DLR^K',"
"'DDS',"
"'DDT',"
"'DIN',"
"'DPLO',"
"'DFS',"
"'DNI',"
"'DLB',"
"'DG',"
"'D',"
"'DCUE',"
"'DRUA',"
"'DPZ',"
"'UFS',"
"'DCI',"
"'DFIN',"
"'LPG',"
"'DSL',"
"'DBL',"
"'PLOW',"
"'DEI',"
"'DOV',"
"'DVD',"
"'DOW',"
"'RDY',"
"'DRD',"
"'DRQ',"
"'DS',"
"'DS^B',"
"'DS^C',"
"'DS^D',"
"'DTE',"
"'DTJ',"
"'DTQ',"
"'DTW',"
"'DTY',"
"'DCO',"
"'DPG',"
"'DSE',"
"'DNP',"
"'DTF',"
"'DUC',"
"'DUK',"
"'DUK^A',"
"'DUKB',"
"'DUKH',"
"'DRE',"
"'DD',"
"'DXC',"
"'DY',"
"'DLNG',"
"'DLNG^A',"
"'DLNG^B',"
"'DT',"
"'DX',"
"'DX^A',"
"'DX^B',"
"'CTA^A',"
"'CTA^B',"
"'ELF',"
"'EGIF',"
"'EXP',"
"'ECC',"
"'ECCA',"
"'ECCB',"
"'ECCX',"
"'ECCY',"
"'EIC',"
"'ESTE',"
"'DEA',"
"'EGP',"
"'EMN',"
"'KODK',"
"'ETN',"
"'ETV',"
"'ETW',"
"'EV',"
"'EOI',"
"'EOS',"
"'EFT',"
"'EFL',"
"'EFF',"
"'EHT',"
"'ETX',"
"'EOT',"
"'EVN',"
"'ETJ',"
"'EFR',"
"'EVF',"
"'EVG',"
"'EVT',"
"'ETO',"
"'ETG',"
"'ETB',"
"'EXD',"
"'ETY',"
"'EXG',"
"'ECT',"
"'ECL',"
"'EC',"
"'EIX',"
"'EW',"
"'EP^C',"
"'EE',"
"'ELAN',"
"'ESTC',"
"'EGO',"
"'ESI',"
"'ELVT',"
"'LLY',"
"'EFC',"
"'EARN',"
"'AKO.A',"
"'AKO.B',"
"'ERJ',"
"'EME',"
"'EEX',"
"'EBS',"
"'EMR',"
"'ESRT',"
"'EIG',"
"'EDN',"
"'ENBL',"
"'ENB',"
"'ENBA',"
"'ECA',"
"'EHC',"
"'DAVA',"
"'EXK',"
"'ENIA',"
"'ENIC',"
"'ENR',"
"'ENR^A',"
"'EPC',"
"'ET',"
"'ETP^C',"
"'ETP^D',"
"'ETP^E',"
"'ERF',"
"'ENS',"
"'E',"
"'ENLC',"
"'EBF',"
"'ENVA',"
"'NPO',"
"'ETM',"
"'EAB',"
"'EAE',"
"'EAI',"
"'ETR',"
"'ELC',"
"'ELJ',"
"'ELU',"
"'EMP',"
"'ENJ',"
"'ENO',"
"'ETI^',"
"'EZT',"
"'EPD',"
"'EVC',"
"'ENV',"
"'NVST',"
"'EVA',"
"'ENZ',"
"'EOG',"
"'EPAM',"
"'EPR',"
"'EPR^C',"
"'EPR^E',"
"'EPR^G',"
"'EQM',"
"'EQT',"
"'EFX',"
"'EQNR',"
"'ETRN',"
"'EQC',"
"'EQC^D',"
"'ELS',"
"'EQR',"
"'EQS',"
"'ERA',"
"'EROS',"
"'ESE',"
"'ESNT',"
"'EPRT',"
"'ESS',"
"'EL',"
"'ETH',"
"'EURN',"
"'EEA',"
"'EB',"
"'EVR',"
"'RE',"
"'EVRG',"
"'EVRI',"
"'ES',"
"'EVTC',"
"'EVH',"
"'AQUA',"
"'XAN',"
"'XAN^C',"
"'EXPR',"
"'EXTN',"
"'EXR',"
"'XOM',"
"'FNB',"
"'FNB^E',"
"'FN',"
"'FDS',"
"'FICO',"
"'SFUN',"
"'FPAC',"
"'FPAC.U',"
"'FPAC.WS',"
"'FTCH',"
"'FPI',"
"'FPI^B',"
"'FSLY',"
"'FBK',"
"'FFG',"
"'AGM',"
"'AGM.A',"
"'AGM^A',"
"'AGM^C',"
"'AGM^D',"
"'FRT',"
"'FRT^C',"
"'FSS',"
"'FII',"
"'FMN',"
"'FDX',"
"'RACE',"
"'FGP',"
"'FOE',"
"'FG',"
"'FG.WS',"
"'FCAU',"
"'FNF',"
"'FIS',"
"'FMO',"
"'FAF',"
"'FBP',"
"'FCF',"
"'FHN',"
"'FHN^A',"
"'FR',"
"'AG',"
"'FRC',"
"'FRC^D.CL',"
"'FRC^F',"
"'FRC^G',"
"'FRC^H',"
"'FRC^I',"
"'FFA',"
"'FMY',"
"'FDEU',"
"'FIF',"
"'FSD',"
"'FPF',"
"'FEI',"
"'FPL',"
"'FIV',"
"'FCT',"
"'FGB',"
"'FEO',"
"'FAM',"
"'FE',"
"'FIT',"
"'FPH',"
"'FVRR',"
"'FBC',"
"'DFP',"
"'PFD',"
"'PFO',"
"'FFC',"
"'FLC',"
"'FLT',"
"'FLNG',"
"'FND',"
"'FTK',"
"'FLO',"
"'FLS',"
"'FLR',"
"'FLY',"
"'FMC',"
"'FMX',"
"'FL',"
"'F',"
"'F^B',"
"'FELP',"
"'FOR',"
"'FTS',"
"'FTV',"
"'FTV^A',"
"'FTAI',"
"'FTAI^A',"
"'FSM',"
"'FBHS',"
"'FET',"
"'FBM',"
"'FCPT',"
"'FEDU',"
"'FNV',"
"'FC',"
"'FSB',"
"'BEN',"
"'FT',"
"'FI',"
"'FCX',"
"'FMS',"
"'FDP',"
"'RESI',"
"'FRO',"
"'FSK',"
"'FCN',"
"'FTSI',"
"'FF',"
"'GCV',"
"'GCV^B',"
"'GAB',"
"'GAB^D',"
"'GAB^G',"
"'GAB^H',"
"'GAB^J',"
"'GGZ',"
"'GGZ^A',"
"'GGT',"
"'GGT^B',"
"'GGT^E',"
"'GUT',"
"'GUT^A',"
"'GUT^C',"
"'GCAP',"
"'GBL',"
"'GNT',"
"'GNT^A',"
"'GME',"
"'GPS',"
"'GDI',"
"'GTX',"
"'IT',"
"'GLOG',"
"'GLOG^A',"
"'GLOP',"
"'GLOP^A',"
"'GLOP^B',"
"'GLOP^C',"
"'GTES',"
"'GATX',"
"'GMTA',"
"'GCP',"
"'GNK',"
"'GNRC',"
"'GAM',"
"'GAM^B',"
"'GD',"
"'GE',"
"'GIS',"
"'GM',"
"'GCO',"
"'GWR',"
"'GEL',"
"'GEN',"
"'GNE',"
"'GNE^A',"
"'G',"
"'GPC',"
"'GNW',"
"'GEO',"
"'GPRK',"
"'GPJA',"
"'GGB',"
"'GTY',"
"'GIG',"
"'GIG.U',"
"'GIG.WS',"
"'GIG~',"
"'GIX',"
"'GIX.U',"
"'GIX.WS',"
"'GIX~',"
"'GIL',"
"'GLT',"
"'GKOS',"
"'GSK',"
"'CO',"
"'GMRE',"
"'GMRE^A',"
"'GNL',"
"'GNL^A',"
"'GLP',"
"'GLP^A',"
"'GPN',"
"'GSL',"
"'GSL^B',"
"'GLOB',"
"'GL',"
"'GL^C',"
"'GMED',"
"'GMS',"
"'GNC',"
"'GDDY',"
"'GOL',"
"'GFI',"
"'GSBD',"
"'GS',"
"'GS^A',"
"'GS^C',"
"'GS^D',"
"'GS^J',"
"'GS^K',"
"'GS^N',"
"'GER',"
"'GMZ',"
"'GRC',"
"'GPX',"
"'GGG',"
"'GRAF',"
"'GRAF.U',"
"'GRAF.WS',"
"'EAF',"
"'GHM',"
"'GHC',"
"'GRAM',"
"'GVA',"
"'GPMT',"
"'GRP.U',"
"'GPK',"
"'GTN',"
"'GTN.A',"
"'AJX',"
"'AJXA',"
"'GWB',"
"'GDOT',"
"'GBX',"
"'GHL',"
"'GHG',"
"'GEF',"
"'GEF.B',"
"'GFF',"
"'GPI',"
"'GRUB',"
"'PAC',"
"'ASR',"
"'AVAL',"
"'SUPV',"
"'TV',"
"'GSAH',"
"'GSAH.U',"
"'GSAH.WS',"
"'GSX',"
"'GTT',"
"'GSH',"
"'GES',"
"'GGM',"
"'GPM',"
"'GOF',"
"'GBAB',"
"'GWRE',"
"'HRB',"
"'FUL',"
"'HAE',"
"'HAL',"
"'HBB',"
"'HBI',"
"'HNGR',"
"'HASI',"
"'HOG',"
"'HMY',"
"'HSC',"
"'HHS',"
"'HGH',"
"'HIG',"
"'HIG^G',"
"'HVT',"
"'HVT.A',"
"'HE',"
"'HCHC',"
"'HCA',"
"'HCI',"
"'HCP',"
"'HDB',"
"'HR',"
"'HTA',"
"'HL',"
"'HL^B',"
"'HEI',"
"'HEI.A',"
"'HLX',"
"'HP',"
"'HLF',"
"'HRI',"
"'HCXY',"
"'HCXZ',"
"'HTGC',"
"'HRTG',"
"'PSV',"
"'HT',"
"'HT^C',"
"'HT^D',"
"'HT^E',"
"'HSY',"
"'HTZ',"
"'HES',"
"'HESM',"
"'HPE',"
"'HXL',"
"'HEXO',"
"'HCR',"
"'PCF',"
"'HGLB',"
"'HFRO',"
"'HFRO^A',"
"'HPR',"
"'HIW',"
"'HIL',"
"'HI',"
"'HRC',"
"'HTH',"
"'HGV',"
"'HLT',"
"'HNI',"
"'HMLP',"
"'HMLP^A',"
"'HEP',"
"'HFC',"
"'HD',"
"'HMC',"
"'HON',"
"'HMN',"
"'HZN',"
"'HTFA',"
"'HRL',"
"'HOS',"
"'HST',"
"'HLI',"
"'HOV',"
"'HHC',"
"'HPQ',"
"'HSBC',"
"'HSBC^A',"
"'HMI',"
"'HNP',"
"'HUBB',"
"'HUBS',"
"'HBM',"
"'HUD',"
"'HPP',"
"'HUM',"
"'HCFT',"
"'HII',"
"'HUN',"
"'HUYA',"
"'H',"
"'HY',"
"'IAA',"
"'IAG',"
"'IBN',"
"'IDA',"
"'IEX',"
"'IDT',"
"'INFO',"
"'ITW',"
"'IMAX',"
"'ICD',"
"'IHC',"
"'IRT',"
"'IFN',"
"'IBA',"
"'INFY',"
"'ING',"
"'ISG',"
"'IR',"
"'NGVT',"
"'INGR',"
"'IIPR',"
"'IIPR^A',"
"'IPHI',"
"'INSI',"
"'NSP',"
"'INSP',"
"'IBP',"
"'INST',"
"'ITGR',"
"'I',"
"'ICE',"
"'IHG',"
"'IFS',"
"'IBM',"
"'IFF',"
"'IFFT',"
"'IGT',"
"'IP',"
"'INSW',"
"'INSW^A',"
"'IPG',"
"'INXN',"
"'IPI',"
"'IVC',"
"'VBF',"
"'VCV',"
"'VTA',"
"'IHIT',"
"'IHTA',"
"'VLT',"
"'IVR',"
"'IVR^B',"
"'IVR^C',"
"'IVR^A',"
"'OIA',"
"'VMO',"
"'VKQ',"
"'VPV',"
"'IVZ',"
"'IQI',"
"'VVR',"
"'VTN',"
"'VGM',"
"'IIM',"
"'IRET',"
"'IRET^C',"
"'NVTA',"
"'INVH',"
"'IO',"
"'IQV',"
"'IRM',"
"'IRS',"
"'ICL',"
"'STAR',"
"'STAR^D',"
"'STAR^G',"
"'STAR^I',"
"'ITCB',"
"'ITUB',"
"'ITT',"
"'IVH',"
"'JPM',"
"'JPM^A',"
"'JPM^C',"
"'JPM^D',"
"'JPM^F',"
"'JPM^G',"
"'JPM^H',"
"'JAX',"
"'JILL',"
"'JCP',"
"'SJM',"
"'JBL',"
"'JEC',"
"'JAG',"
"'JHX',"
"'JHG',"
"'JOF',"
"'JBGS',"
"'JEF',"
"'JELD',"
"'JCAP',"
"'JCAP^B',"
"'JT',"
"'JKS',"
"'JMP',"
"'JMPB.CL',"
"'JMPD',"
"'JMPE',"
"'JBT',"
"'BTO',"
"'HEQ',"
"'JHS',"
"'JHI',"
"'HPF',"
"'HPI',"
"'HPS',"
"'PDT',"
"'HTD',"
"'HTY',"
"'JW.A',"
"'JW.B',"
"'JNJ',"
"'JCI',"
"'JLL',"
"'JMEI',"
"'JMIA',"
"'JNPR',"
"'JP',"
"'JE',"
"'JE^A',"
"'LRN',"
"'KAI',"
"'KDMN',"
"'KAMN',"
"'KSU',"
"'KSU^',"
"'KAR',"
"'KMF',"
"'KYN',"
"'KYN^F',"
"'KB',"
"'KBH',"
"'KBR',"
"'FRAC',"
"'K',"
"'KEM',"
"'KMPR',"
"'KMT',"
"'KW',"
"'KEN',"
"'KDP',"
"'KEG',"
"'KEY',"
"'KEY^I',"
"'KEY^J',"
"'KEY^K',"
"'KEYS',"
"'KRC',"
"'KRP',"
"'KMB',"
"'KIM',"
"'KIM^J',"
"'KIM^L',"
"'KIM^M',"
"'KMI',"
"'KFS',"
"'KGC',"
"'KEX',"
"'KL',"
"'KRG',"
"'KKR',"
"'KKR^A',"
"'KKR^B',"
"'KIO',"
"'KREF',"
"'KNX',"
"'KNL',"
"'KNOP',"
"'KN',"
"'KSS',"
"'PHG',"
"'KTB',"
"'KOP',"
"'KEP',"
"'KF',"
"'KFY',"
"'KOS',"
"'KRA',"
"'KR',"
"'KRO',"
"'KT',"
"'LB',"
"'SCX',"
"'LHX',"
"'LH',"
"'LADR',"
"'LAIX',"
"'LW',"
"'LCI',"
"'LPI',"
"'LVS',"
"'LTM',"
"'LGI',"
"'LAZ',"
"'LOR',"
"'LZB',"
"'LCII',"
"'LEAF',"
"'LEA',"
"'LEE',"
"'LGC',"
"'LGC.U',"
"'LGC.WS',"
"'LM',"
"'LMHA',"
"'LMHB',"
"'LEG',"
"'JBK',"
"'KTH',"
"'KTN',"
"'KTP',"
"'LDOS',"
"'LEJU',"
"'LC',"
"'LEN',"
"'LEN.B',"
"'LII',"
"'LHC',"
"'LHC.U',"
"'LHC.WS',"
"'LEVI',"
"'LXP',"
"'LXP^C',"
"'LPL',"
"'USA',"
"'ASG',"
"'LBRT',"
"'LPT',"
"'LSI',"
"'LITB',"
"'LNC',"
"'LIN',"
"'LNN',"
"'LN',"
"'LINX',"
"'LGF.A',"
"'LGF.B',"
"'LAD',"
"'LAC',"
"'LYV',"
"'LTHM',"
"'RAMP',"
"'LYG',"
"'SCD',"
"'LMT',"
"'L',"
"'LOMA',"
"'LPX',"
"'LOW',"
"'LXU',"
"'LKSD',"
"'LTC',"
"'LUB',"
"'LL',"
"'LXFR',"
"'LDL',"
"'WLH',"
"'LYB',"
"'MTB',"
"'MDC',"
"'MHO',"
"'MAC',"
"'CLI',"
"'MFD',"
"'MGU',"
"'MIC',"
"'BMA',"
"'M',"
"'MCN',"
"'MMP',"
"'MGA',"
"'MX',"
"'MGY',"
"'MH^A',"
"'MH^C',"
"'MH^D',"
"'MHLA',"
"'MHNC',"
"'MAIN',"
"'MMD',"
"'MNK',"
"'MANU',"
"'MTW',"
"'MN',"
"'MAN',"
"'MFC',"
"'MRO',"
"'MPC',"
"'MMI',"
"'MCS',"
"'MPX',"
"'HZO',"
"'MKL',"
"'VAC',"
"'MMC',"
"'MLM',"
"'MAS',"
"'DOOR',"
"'MTZ',"
"'MA',"
"'MTDR',"
"'MTRN',"
"'MATX',"
"'MLP',"
"'MAXR',"
"'MMS',"
"'MXL',"
"'MEC',"
"'MBI',"
"'MKC',"
"'MKC.V',"
"'MDR',"
"'MCD',"
"'MUX',"
"'MCK',"
"'MDU',"
"'MTL',"
"'MTL^',"
"'MDLA',"
"'MPW',"
"'MED',"
"'MCC',"
"'MCV',"
"'MCX',"
"'MDLQ',"
"'MDLX',"
"'MDLY',"
"'MD',"
"'MDT',"
"'MFAC',"
"'MFAC.U',"
"'MFAC.WS',"
"'MRK',"
"'MCY',"
"'MDP',"
"'MTH',"
"'MTOR',"
"'MER^K',"
"'PIY',"
"'MTR',"
"'MSB',"
"'MEI',"
"'MET',"
"'MET^A',"
"'MET^E',"
"'MCB',"
"'MTD',"
"'MXE',"
"'MXF',"
"'MFA',"
"'MFA^B',"
"'MFO',"
"'MCR',"
"'MGF',"
"'MIN',"
"'MMT',"
"'MFM',"
"'MFV',"
"'MTG',"
"'MGP',"
"'MGM',"
"'MFGP',"
"'MAA',"
"'MAA^I',"
"'AMPY',"
"'MCRN',"
"'MLR',"
"'HIE',"
"'MTX',"
"'MG',"
"'MUFG',"
"'MIXT',"
"'MFG',"
"'MBT',"
"'MODN',"
"'MOD',"
"'MC',"
"'MOGU',"
"'MHK',"
"'MOH',"
"'TAP',"
"'TAP.A',"
"'MNR',"
"'MNR^C',"
"'MR',"
"'MCO',"
"'MOG.A',"
"'MOG.B',"
"'MS',"
"'MS^A',"
"'MS^E',"
"'MS^F',"
"'MS^G',"
"'MS^I',"
"'MS^K',"
"'CAF',"
"'MSD',"
"'EDD',"
"'IIF',"
"'MOSC',"
"'MOSC.U',"
"'MOSC.WS',"
"'MOS',"
"'MSI',"
"'MOV',"
"'MPLX',"
"'MRC',"
"'HJV',"
"'MSA',"
"'MSM',"
"'MSCI',"
"'MSGN',"
"'MLI',"
"'MWA',"
"'MVF',"
"'MZA',"
"'MUR',"
"'MUSA',"
"'MVO',"
"'MVC',"
"'MVCD',"
"'MYE',"
"'MYOV',"
"'NBR',"
"'NBR^A',"
"'NC',"
"'NTP',"
"'NTEST',"
"'NTEST.A',"
"'NTEST.B',"
"'NTEST.C',"
"'NBHC',"
"'NFG',"
"'NGG',"
"'NHI',"
"'NOV',"
"'NPK',"
"'NNN',"
"'NNN^E.CL',"
"'NNN^F',"
"'NRUC',"
"'SID',"
"'NSA',"
"'NSA^A',"
"'NGS',"
"'NGVC',"
"'NRP',"
"'NTZ',"
"'NLS',"
"'NCI',"
"'NVGS',"
"'NNA',"
"'NM',"
"'NM^G',"
"'NM^H',"
"'NMM',"
"'NAV',"
"'NAV^D',"
"'NCR',"
"'NP',"
"'NNI',"
"'NPTN',"
"'NSCO',"
"'NSCO.WS',"
"'NVRO',"
"'HYB',"
"'NFC',"
"'NFC.U',"
"'NFC.WS',"
"'GF',"
"'NWHM',"
"'IRL',"
"'NEWM',"
"'NMFC',"
"'NMFX',"
"'EDU',"
"'NEWR',"
"'NRZ',"
"'NRZ^A',"
"'NRZ^B',"
"'SNR',"
"'NYCB',"
"'NYCB^A',"
"'NYCB^U',"
"'NYT',"
"'NJR',"
"'NEU',"
"'NEM',"
"'NR',"
"'NEXA',"
"'NXRT',"
"'NHF',"
"'NEP',"
"'NEE',"
"'NEE^I',"
"'NEE^J',"
"'NEE^K',"
"'NEE^N',"
"'NEE^O',"
"'NGL',"
"'NGL^B',"
"'NGL^C',"
"'NMK^B',"
"'NMK^C',"
"'NLSN',"
"'NKE',"
"'NINE',"
"'NIO',"
"'NI',"
"'NI^B',"
"'NL',"
"'NOAH',"
"'NE',"
"'NBL',"
"'NBLX',"
"'NOK',"
"'NOMD',"
"'NMR',"
"'OSB',"
"'NAT',"
"'JWN',"
"'NSC',"
"'NOA',"
"'NRT',"
"'NOC',"
"'NWN',"
"'NWE',"
"'NCLH',"
"'NVS',"
"'NVO',"
"'DNOW',"
"'NRG',"
"'NUS',"
"'NUE',"
"'NS',"
"'NS^A',"
"'NS^B',"
"'NS^C',"
"'NSS',"
"'NTR',"
"'JMLP',"
"'NVG',"
"'NUV',"
"'NUW',"
"'NEA',"
"'NAZ',"
"'NKX',"
"'NCB',"
"'NCA',"
"'NAC',"
"'NTC',"
"'JCE',"
"'JCO',"
"'JQC',"
"'JDD',"
"'DIAX',"
"'JEMD',"
"'JMF',"
"'NEV',"
"'JFR',"
"'JRO',"
"'NKG',"
"'JGH',"
"'JHY',"
"'JHAA',"
"'JHD',"
"'JHB',"
"'NXC',"
"'NXN',"
"'NID',"
"'NMY',"
"'NMT',"
"'NUM',"
"'NMS',"
"'NOM',"
"'JLS',"
"'JMM',"
"'NHA',"
"'NZF',"
"'NMCO',"
"'NMZ',"
"'NMI',"
"'NJV',"
"'NXJ',"
"'NRK',"
"'NYV',"
"'NNY',"
"'NAN',"
"'NNC',"
"'NUO',"
"'NPN',"
"'NQP',"
"'JPC',"
"'JPS',"
"'JPT',"
"'JPI',"
"'NAD',"
"'JRI',"
"'JRS',"
"'BXMX',"
"'SPXX',"
"'NIM',"
"'NXP',"
"'NXQ',"
"'NXR',"
"'NSL',"
"'JSD',"
"'NBB',"
"'JTD',"
"'JTA',"
"'NTX',"
"'NPV',"
"'NIQ',"
"'JMT',"
"'NVT',"
"'NVR',"
"'CTEST',"
"'CTEST.E',"
"'CTEST.G',"
"'CTEST.L',"
"'CTEST.O',"
"'CTEST.S',"
"'CTEST.V',"
"'OAC',"
"'OAC.U',"
"'OAC.WS',"
"'OAK^A',"
"'OAK^B',"
"'OSLE',"
"'OMP',"
"'OAS',"
"'OBE',"
"'OXY',"
"'OII',"
"'OCN',"
"'OFG',"
"'OFG^A',"
"'OFG^B',"
"'OFG^D',"
"'OGE',"
"'OIBR.C',"
"'OIS',"
"'ODC',"
"'ORI',"
"'OLN',"
"'OHI',"
"'OMC',"
"'OMN',"
"'ONDK',"
"'OGS',"
"'OLP',"
"'OMF',"
"'OKE',"
"'ONE',"
"'OOMA',"
"'OPY',"
"'ORCL',"
"'ORAN',"
"'ORC',"
"'OEC',"
"'ORN',"
"'IX',"
"'ORA',"
"'OSK',"
"'OR',"
"'OUT',"
"'OSG',"
"'OMI',"
"'OC',"
"'OI',"
"'ORCC',"
"'OXM',"
"'ROYT',"
"'PACD',"
"'PCG',"
"'PKG',"
"'PD',"
"'PAGS',"
"'PANW',"
"'PAM',"
"'PHX',"
"'PARR',"
"'PAR',"
"'PGRE',"
"'PKE',"
"'PK',"
"'PKD',"
"'PH',"
"'PE',"
"'PSN',"
"'PRE^F',"
"'PRE^G',"
"'PRE^H',"
"'PRE^I',"
"'PRTY',"
"'PAYC',"
"'PBF',"
"'PBFX',"
"'BTU',"
"'PSO',"
"'PEB',"
"'PEB^C',"
"'PEB^D',"
"'PEB^E',"
"'PEB^F',"
"'PBA',"
"'PEI',"
"'PEI^B',"
"'PEI^C',"
"'PEI^D',"
"'PFSI',"
"'PMT',"
"'PMT^A',"
"'PMT^B',"
"'PAG',"
"'PNR',"
"'PEN',"
"'PFGC',"
"'PKI',"
"'PBT',"
"'PVL',"
"'PRT',"
"'PRGO',"
"'PRSP',"
"'PTR',"
"'PBR',"
"'PBR.A',"
"'PFE',"
"'GHY',"
"'ISD',"
"'PGTI',"
"'PM',"
"'PSX',"
"'PSXP',"
"'FENG',"
"'PHR',"
"'DOC',"
"'PDM',"
"'PIR',"
"'PCQ',"
"'PCK',"
"'PZC',"
"'PCM',"
"'PTY',"
"'PCN',"
"'PCI',"
"'PDI',"
"'NRGX',"
"'PGP',"
"'PHK',"
"'PKO',"
"'PFL',"
"'PFN',"
"'PMF',"
"'PML',"
"'PMX',"
"'PNF',"
"'PNI',"
"'PYN',"
"'RCS',"
"'PING',"
"'PNW',"
"'PINS',"
"'PHD',"
"'PHT',"
"'MAV',"
"'MHI',"
"'PXD',"
"'PJC',"
"'PBI',"
"'PBI^B',"
"'PVT',"
"'PVT.U',"
"'PVT.WS',"
"'PIC',"
"'PIC.U',"
"'PIC.WS',"
"'PVTL',"
"'PJT',"
"'PAA',"
"'PAGP',"
"'PLNT',"
"'PLT',"
"'AGS',"
"'PHI',"
"'PNC',"
"'PNC^P',"
"'PNC^Q',"
"'PNM',"
"'PII',"
"'POL',"
"'POR',"
"'PKX',"
"'POST',"
"'PSTL',"
"'PPDF',"
"'PPG',"
"'PPX',"
"'PPL',"
"'PYS',"
"'PYT',"
"'PQG',"
"'PDS',"
"'APTS',"
"'PBH',"
"'PVG',"
"'PRI',"
"'PGZ',"
"'PRIF^A',"
"'PRIF^B',"
"'PRIF^C',"
"'PRIF^D',"
"'PRA',"
"'PG',"
"'PGR',"
"'PLD',"
"'PUMP',"
"'PRO',"
"'PROS',"
"'PBB',"
"'PBC',"
"'PBY',"
"'PB',"
"'PRLB',"
"'PFS',"
"'PJH',"
"'PRH',"
"'PRS',"
"'PRU',"
"'PUK',"
"'PUK^',"
"'PUK^A',"
"'PSB',"
"'PSB^U',"
"'PSB^V',"
"'PSB^W',"
"'PSB^X',"
"'PSB^Y',"
"'TLK',"
"'PEG',"
"'PSA',"
"'PSA^A',"
"'PSA^B',"
"'PSA^C',"
"'PSA^D',"
"'PSA^E',"
"'PSA^F',"
"'PSA^G',"
"'PSA^H',"
"'PSA^I',"
"'PSA^U.CL',"
"'PSA^V',"
"'PSA^W',"
"'PSA^X',"
"'PHM',"
"'PSTG',"
"'PMM',"
"'PIM',"
"'PMO',"
"'PPT',"
"'NEW',"
"'PVH',"
"'PYX',"
"'PZN',"
"'QTWO',"
"'QEP',"
"'QGEN',"
"'QTS',"
"'QTS^A',"
"'QTS^B',"
"'QUAD',"
"'KWR',"
"'NX',"
"'PWR',"
"'QD',"
"'DGX',"
"'QES',"
"'QHC',"
"'QUOT',"
"'QVCD',"
"'CTAA',"
"'CTBB',"
"'CTDD',"
"'CTV',"
"'CTY',"
"'CTZ',"
"'RRD',"
"'RMED',"
"'RDN',"
"'RL',"
"'RRC',"
"'RNGR',"
"'PACK',"
"'PACK.WS',"
"'RJF',"
"'RYAM',"
"'RYN',"
"'RTN',"
"'RMAX',"
"'RC',"
"'RCA',"
"'RCB',"
"'RCP',"
"'RLGY',"
"'O',"
"'RLH',"
"'RWT',"
"'RBC',"
"'RWGE',"
"'RWGE.U',"
"'RWGE.WS',"
"'RM',"
"'RF',"
"'RF^A',"
"'RF^B',"
"'RF^C',"
"'RGS',"
"'RGA',"
"'RZA',"
"'RZB',"
"'RS',"
"'RELX',"
"'RNR',"
"'RNR^C',"
"'RNR^E',"
"'RNR^F',"
"'SOL',"
"'RENN',"
"'RPLA',"
"'RPLA.U',"
"'RPLA.WS',"
"'RSG',"
"'REZI',"
"'RMD',"
"'RFP',"
"'QSR',"
"'RPAI',"
"'RVI',"
"'REVG',"
"'REV',"
"'RVLV',"
"'REX',"
"'REXR',"
"'REXR^A',"
"'REXR^B',"
"'REXR^C',"
"'RXN',"
"'RXN^A',"
"'RH',"
"'RNG',"
"'RIO',"
"'RBA',"
"'RAD',"
"'RMM',"
"'RMPL^',"
"'RSF',"
"'RMI',"
"'RIV',"
"'OPP',"
"'RLI',"
"'RLJ',"
"'RLJ^A',"
"'RMG',"
"'RMG.U',"
"'RMG.WS',"
"'RRTS',"
"'ROAN',"
"'RHI',"
"'ROK',"
"'RCI',"
"'ROG',"
"'ROL',"
"'ROP',"
"'RST',"
"'RY',"
"'RY^T',"
"'RBS',"
"'RCL',"
"'RDS.A',"
"'RDS.B',"
"'RGT',"
"'RMT',"
"'RVT',"
"'RES',"
"'RPM',"
"'RPT',"
"'RPT^D',"
"'RTW',"
"'RTEC',"
"'RYB',"
"'R',"
"'RYI',"
"'RHP',"
"'SPGI',"
"'SBR',"
"'SB',"
"'SB^C',"
"'SB^D',"
"'SFE',"
"'SAFE',"
"'SAIL',"
"'CRM',"
"'SMM',"
"'SBH',"
"'SJT',"
"'SD',"
"'SDT',"
"'SDR',"
"'PER',"
"'SC',"
"'SAP',"
"'SAB',"
"'SAF',"
"'SAR',"
"'SSL',"
"'BFS',"
"'BFS^C.CL',"
"'BFS^D',"
"'BFS^E',"
"'SCPE',"
"'SCPE.U',"
"'SCPE.WS',"
"'SLB',"
"'SNDR',"
"'SWM',"
"'SAIC',"
"'SALT',"
"'SBNA',"
"'STNG',"
"'SMG',"
"'KTF',"
"'KSM',"
"'SRL',"
"'SCU',"
"'SE',"
"'SA',"
"'CKH',"
"'SMHI',"
"'SDRL',"
"'SEE',"
"'SSW',"
"'SSW^D',"
"'SSW^E',"
"'SSW^G',"
"'SSW^H',"
"'SSW^I',"
"'SSWA',"
"'SEAS',"
"'JBN',"
"'JBR',"
"'WTTR',"
"'SEM',"
"'SEMG',"
"'SRE',"
"'SRE^A',"
"'SRE^B',"
"'SREA',"
"'ST',"
"'SXT',"
"'SQNS',"
"'SRG',"
"'SRG^A',"
"'SCI',"
"'SERV',"
"'NOW',"
"'SHAK',"
"'SJR',"
"'SHLX',"
"'SHW',"
"'SHG',"
"'SFL',"
"'SHOP',"
"'SSTK',"
"'SBGL',"
"'SIG',"
"'SBOW',"
"'SPG',"
"'SPG^J',"
"'SSD',"
"'SHI',"
"'SITC',"
"'SITC^A',"
"'SITC^J',"
"'SITC^K',"
"'SITE',"
"'SIX',"
"'SJW',"
"'SKM',"
"'SKX',"
"'SKY',"
"'SLG',"
"'SLG^I',"
"'WORK',"
"'SM',"
"'SMAR',"
"'SNN',"
"'SNAP',"
"'SNA',"
"'IPOA',"
"'IPOA.U',"
"'IPOA.WS',"
"'SQM',"
"'SOGO',"
"'SOI',"
"'SWI',"
"'SAH',"
"'SON',"
"'SNE',"
"'SOR',"
"'SJI',"
"'SJIJ',"
"'SJIU',"
"'SCE^G',"
"'SCE^H',"
"'SCE^J',"
"'SCE^K',"
"'SCE^L',"
"'SO',"
"'SOJA',"
"'SOJB',"
"'SOJC',"
"'SOLN',"
"'SCCO',"
"'LUV',"
"'SWX',"
"'SWN',"
"'SPAQ',"
"'SPAQ.U',"
"'SPAQ.WS',"
"'SPE',"
"'SPE^B',"
"'SPB',"
"'SR',"
"'SR^A',"
"'SPR',"
"'SAVE',"
"'SMTA',"
"'SRC',"
"'SRC^A',"
"'SPOT',"
"'SRLP',"
"'S',"
"'SPXC',"
"'FLOW',"
"'SQ',"
"'JOE',"
"'STAG',"
"'STAG^C',"
"'SSI',"
"'SMP',"
"'SXI',"
"'SWJ',"
"'SWK',"
"'SWP',"
"'STN',"
"'SGU',"
"'SRT',"
"'STWD',"
"'STT',"
"'STT^C',"
"'STT^D',"
"'STT^E',"
"'STT^G',"
"'SPLP',"
"'SPLP^A',"
"'SCS',"
"'SCA',"
"'SCM',"
"'SCL',"
"'STE',"
"'STL',"
"'STL^A',"
"'STC',"
"'SF',"
"'SF^A',"
"'SF^B',"
"'SFB',"
"'STM',"
"'EDF',"
"'EDI',"
"'STON',"
"'SRI',"
"'STOR',"
"'GJH',"
"'GJO',"
"'GJS',"
"'SYK',"
"'MSC',"
"'RGR',"
"'SPH',"
"'SMFG',"
"'INN',"
"'INN^D',"
"'INN^E',"
"'SUM',"
"'SMLP',"
"'SUI',"
"'SLF',"
"'SXC',"
"'SU',"
"'STG',"
"'NOVA',"
"'SUN',"
"'SHO',"
"'SHO^E',"
"'SHO^F',"
"'STI',"
"'STI^A',"
"'SUP',"
"'SUZ',"
"'SWZ',"
"'SWCH',"
"'SBE',"
"'SBE.U',"
"'SBE.WS',"
"'SYF',"
"'SNX',"
"'SNV',"
"'SNV^D',"
"'SNV^E',"
"'GJP',"
"'GJR',"
"'GJT',"
"'GJV',"
"'SYY',"
"'SYX',"
"'TLRD',"
"'TWN',"
"'TSM',"
"'TAK',"
"'TAL',"
"'TGE',"
"'TALO',"
"'SKT',"
"'TPR',"
"'NGLS^A',"
"'TRGP',"
"'TGT',"
"'TARO',"
"'TTM',"
"'TCO',"
"'TCO^J',"
"'TCO^K',"
"'TMHC',"
"'TRP',"
"'TCP',"
"'TSI',"
"'TEL',"
"'TISI',"
"'FTI',"
"'TECK',"
"'TK',"
"'TGP',"
"'TGP^A',"
"'TGP^B',"
"'TOO',"
"'TOO^A',"
"'TOO^B',"
"'TOO^E',"
"'TNK',"
"'GCI',"
"'TGNA',"
"'TRC',"
"'HQH',"
"'THQ',"
"'HQL',"
"'THW',"
"'TDOC',"
"'TLRA',"
"'TEO',"
"'TDY',"
"'TFX',"
"'VIV',"
"'TEF',"
"'TDA',"
"'TDE',"
"'TDI',"
"'TDJ',"
"'TDS',"
"'TU',"
"'TDF',"
"'EMF',"
"'TEI',"
"'GIM',"
"'TPX',"
"'TS',"
"'TME',"
"'THC',"
"'TNC',"
"'TEN',"
"'TVC',"
"'TVE',"
"'TDC',"
"'TEX',"
"'TX',"
"'TRNO',"
"'TTI',"
"'TEVA',"
"'TPL',"
"'TGH',"
"'TXT',"
"'AES',"
"'BX',"
"'CEE',"
"'SCHW',"
"'SCHW^C',"
"'SCHW^D',"
"'COO',"
"'GDV',"
"'GDV^A',"
"'GDV^D',"
"'GDV^G',"
"'GDV^H',"
"'GDV~$',"
"'GRX',"
"'GRX^A',"
"'GRX^B',"
"'GDL',"
"'GDL^C',"
"'THG',"
"'THGA',"
"'MSG',"
"'RUBI',"
"'TRV',"
"'VAM',"
"'TMO',"
"'THR',"
"'TPRE',"
"'TSLF',"
"'TCRW',"
"'TCRZ',"
"'TRI',"
"'THO',"
"'TDW',"
"'TDW.WS.A',"
"'TDW.WS.B',"
"'TIF',"
"'TLYS',"
"'TSU',"
"'TKR',"
"'TMST',"
"'TWI',"
"'TJX',"
"'TOL',"
"'TR',"
"'BLD',"
"'TTC',"
"'TD',"
"'SHLL',"
"'SHLL.U',"
"'SHLL.WS',"
"'NDP',"
"'TYG',"
"'TEAF',"
"'NTG',"
"'TTP',"
"'TPZ',"
"'TOT',"
"'TSQ',"
"'TM',"
"'TPGH',"
"'TPGH.U',"
"'TPGH.WS',"
"'TRTX',"
"'TSLX',"
"'TAC',"
"'TCI',"
"'TDG',"
"'RIG',"
"'TGS',"
"'TRU',"
"'TREC',"
"'TG',"
"'THS',"
"'TREX',"
"'TY',"
"'TY^',"
"'TPH',"
"'TRNE',"
"'TRNE.U',"
"'TRNE.WS',"
"'TNET',"
"'TRN',"
"'TSE',"
"'TPVG',"
"'TPVY',"
"'GTS',"
"'TRTN',"
"'TRTN^A',"
"'TRTN^B',"
"'TGI',"
"'TROX',"
"'TBI',"
"'TNP',"
"'TNP^C',"
"'TNP^D',"
"'TNP^E',"
"'TNP^F',"
"'TUFN',"
"'TUP',"
"'TKC',"
"'TPB',"
"'TRQ',"
"'TPC',"
"'TWLO',"
"'TRWH',"
"'TWTR',"
"'TWO',"
"'TWO^A',"
"'TWO^B',"
"'TWO^C',"
"'TWO^D',"
"'TWO^E',"
"'TYL',"
"'TSN',"
"'USB',"
"'USB^A',"
"'USB^H',"
"'USB^M',"
"'USB^O',"
"'USB^P',"
"'USPH',"
"'SLCA',"
"'USX',"
"'UBER',"
"'UI',"
"'UBS',"
"'UDR',"
"'UGI',"
"'UGP',"
"'UMH',"
"'UMH^B',"
"'UMH^C',"
"'UMH^D',"
"'UA',"
"'UAA',"
"'UFI',"
"'UNF',"
"'UN',"
"'UL',"
"'UNP',"
"'UIS',"
"'UNT',"
"'UMC',"
"'UNFI',"
"'UPS',"
"'URI',"
"'USM',"
"'UZA',"
"'UZB',"
"'UZC',"
"'X',"
"'UTX',"
"'UNH',"
"'UTL',"
"'UNVR',"
"'UVV',"
"'UHT',"
"'UHS',"
"'UVE',"
"'UTI',"
"'UNM',"
"'UNMA',"
"'UE',"
"'UBA',"
"'UBP',"
"'UBP^G.CL',"
"'UBP^H',"
"'UBP^K',"
"'USFD',"
"'USAC',"
"'USNA',"
"'USDP',"
"'BIF',"
"'VFC',"
"'EGY',"
"'MTN',"
"'VAL',"
"'VALE',"
"'VLO',"
"'VHI',"
"'VMI',"
"'VVV',"
"'VAPO',"
"'VAR',"
"'VGR',"
"'VEC',"
"'VEDL',"
"'VEEV',"
"'VNTR',"
"'VTR',"
"'VNE',"
"'VER',"
"'VER^F',"
"'VRTV',"
"'VZ',"
"'VET',"
"'VRS',"
"'VSM',"
"'VCIF',"
"'VVI',"
"'VICI',"
"'VNCE',"
"'VIPS',"
"'ZTR',"
"'VGI',"
"'ZF',"
"'V',"
"'VSH',"
"'VPG',"
"'VIST',"
"'VSTO',"
"'VST',"
"'VST.WS.A',"
"'VSI',"
"'VSLR',"
"'VMW',"
"'VOC',"
"'VCRA',"
"'VG',"
"'VNO',"
"'VNO^K',"
"'VNO^L',"
"'VNO^M',"
"'VJET',"
"'IAE',"
"'IHD',"
"'VOYA',"
"'VOYA^B',"
"'IGA',"
"'IGD',"
"'IDE',"
"'IID',"
"'IRR',"
"'PPR',"
"'VMC',"
"'WTI',"
"'WPC',"
"'WRB',"
"'WRB^B',"
"'WRB^C',"
"'WRB^D',"
"'WRB^E',"
"'GRA',"
"'GWW',"
"'WNC',"
"'WBC',"
"'WDR',"
"'WD',"
"'WMT',"
"'DIS',"
"'HCC',"
"'WPG',"
"'WPG^H',"
"'WPG^I',"
"'WRE',"
"'WCN',"
"'WM',"
"'WAT',"
"'WSO',"
"'WSO.B',"
"'WTS',"
"'W',"
"'WBS',"
"'WBS^F',"
"'WEC',"
"'WEI',"
"'WRI',"
"'WMK',"
"'WBT',"
"'WCG',"
"'WFC',"
"'WFC^L',"
"'WFC^N',"
"'WFC^O',"
"'WFC^P',"
"'WFC^Q',"
"'WFC^R',"
"'WFC^T',"
"'WFC^V',"
"'WFC^W',"
"'WFC^X',"
"'WFC^Y',"
"'WFE^A',"
"'EOD',"
"'WELL',"
"'WAIR',"
"'WCC',"
"'WST',"
"'WAL',"
"'WALA',"
"'WEA',"
"'TLI',"
"'EMD',"
"'GDO',"
"'EHI',"
"'HIX',"
"'HIO',"
"'HYI',"
"'SBI',"
"'IGI',"
"'PAI',"
"'MMU',"
"'WMC',"
"'DMO',"
"'MTT',"
"'MHF',"
"'MNP',"
"'GFY',"
"'WIW',"
"'WIA',"
"'WES',"
"'WU',"
"'WAB',"
"'WLK',"
"'WLKP',"
"'WBK',"
"'WRK',"
"'WHG',"
"'WEX',"
"'WY',"
"'WPM',"
"'WHR',"
"'WTM',"
"'WSR',"
"'WLL',"
"'WOW',"
"'WMB',"
"'WSM',"
"'WGO',"
"'WIT',"
"'WNS',"
"'WWW',"
"'WF',"
"'WK',"
"'INT',"
"'WWE',"
"'WOR',"
"'WPP',"
"'WPX',"
"'WYND',"
"'WH',"
"'XYF',"
"'XFLT',"
"'XHR',"
"'XRX',"
"'XIN',"
"'XPO',"
"'XYL',"
"'AUY',"
"'YELP',"
"'YETI',"
"'YEXT',"
"'YRD',"
"'YPF',"
"'YUMC',"
"'YUM',"
"'ZAYO',"
"'ZEN',"
"'ZBH',"
"'ZB^A',"
"'ZB^G',"
"'ZB^H',"
"'ZBK',"
"'ZTS',"
"'ZTO',"
"'ZUO',"
"'ZYME',"
